title,artists,entry_1,entry_2,entry_3,weeks_1,weeks_2,weeks_3
"January 5
","""The Chipmunk Song""
","8
 1959",,,1,,
"January 19
","""Smoke Gets in Your Eyes""
","9
 1959",,,1,,
"February 9
","""Stagger Lee""
","10
 1959",,,1,,
"March 9
","""Venus""
","11
 1959",,,1,,
"April 13
","""Come Softly to Me""
","12
 1959",,,1,,
"May 11
","""The Happy Organ""
","13
 1959",,,1,,
"May 18
","""Kansas City""
","14
 1959",,,1,,
"June 1
","""The Battle of New Orleans""
","15
 1959",,,1,,
"July 13
","""Lonely Boy""
","16
 1959",,,1,,
"August 10
","""A Big Hunk o' Love""
","17
 1959",,,1,,
"August 24
","""The Three Bells""
","18
 1959",,,1,,
"September 21
","""Sleep Walk""
","19
 1959",,,1,,
"October 5
","""Mack the Knife""
","20
 1959",,,1,,
"November 16
","""Mr. Blue""
","21
 1959",,,1,,
"November 23
","""Mack the Knife""
","re
 1959",,,1,,
"December 14
","""Heartaches by the Number""
","22
 1959",,,1,,
"December 28
","""Why""
","23
 1959",,,1,,
"January 4
","""El Paso""
","24
 1960",,,1,,
"January 18
","""Running Bear""
","25
 1960",,,1,,
"February 8
","""Teen Angel""
","26
 1960",,,1,,
"February 22
","""Theme from A Summer Place""
","27
 1960",,,1,,
"April 25
","""Stuck on You""
","28
 1960",,,1,,
"May 23
","""Cathy's Clown""
","29
 1960",,,1,,
"June 27
","""Everybody's Somebody's Fool""
","30
 1960",,,1,,
"July 11
","""Alley Oop""
","31
 1960",,,1,,
"July 18
","""I'm Sorry""
","32
 1960",,,1,,
"August 8
","""Itsy Bitsy Teenie Weenie Yellow Polkadot Bikini""
","33
 1960",,,1,,
"August 15
","""It's Now or Never""
","34
 1960",,,1,,
"September 19
","""The Twist""
","35
 1960",,,1,,
"September 26
","""My Heart Has a Mind of Its Own""
","36
 1960",,,1,,
"October 10
","""Mr. Custer""
","37
 1960",,,1,,
"October 17
","""Save the Last Dance for Me""
","38
 1960",,,1,,
"October 24
","""I Want to Be Wanted""
","39
 1960",,,1,,
"October 31
","""Save the Last Dance for Me""
","re
 1960",,,1,,
"November 14
","""Georgia on My Mind""
","40
 1960",,,1,,
"November 21
","""Stay""
","41
 1960",,,1,,
"November 28
","""Are You Lonesome Tonight?""
","42
 1960",,,1,,
"January 2
","""Are You Lonesome Tonight?""
","42
 1961",,,1,,
"January 9
","""Wonderland by Night""
","43
 1961",,,1,,
"January 30
","""Will You Love Me Tomorrow""
","44
 1961",,,1,,
"February 13
","""Calcutta""
","45
 1961",,,1,,
"February 27
","""Pony Time""
","46
 1961",,,1,,
"March 20
","""Surrender""
","47
 1961",,,1,,
"April 3
","""Blue Moon""
","48
 1961",,,1,,
"April 24
","""Runaway""
","49
 1961",,,1,,
"May 22
","""Mother-in-Law""
","50
 1961",,,1,,
"May 29
","""Travelin' Man""
","51
 1961",,,1,,
"June 5
","""Running Scared""
","52
 1961",,,1,,
"June 12
","""Travelin' Man""
","re
 1961",,,1,,
"June 19
","""Moody River""
","53
 1961",,,1,,
"June 26
","""Quarter to Three""
","54
 1961",,,1,,
"July 10
","""Tossin' and Turnin'""
","55
 1961",,,1,,
"August 28
","""Wooden Heart""
","56
 1961",,,1,,
"September 4
","""Michael""
","57
 1961",,,1,,
"September 18
","""Take Good Care of My Baby""
","58
 1961",,,1,,
"October 9
","""Hit the Road Jack""
","59
 1961",,,1,,
"October 23
","""Runaround Sue""
","60
 1961",,,1,,
"November 6
","""Big Bad John""
","61
 1961",,,1,,
"December 11
","""Please Mr. Postman""
","62
 1961",,,1,,
"December 18
","""The Lion Sleeps Tonight""
","63
 1961",,,1,,
"January 6
","""The Lion Sleeps Tonight""
","63
 1962",,,1,,
"January 13
","""The Twist""
","re
 1962",,,1,,
"January 27
","""Peppermint Twist""
","64
 1962",,,1,,
"February 17
","""Duke of Earl""
","65
 1962",,,1,,
"March 10
","""Hey! Baby""
","66
 1962",,,1,,
"March 31
","""Don't Break the Heart That Loves You""
","67
 1962",,,1,,
"April 7
","""Johnny Angel""
","68
 1962",,,1,,
"April 21
","""Good Luck Charm""
","69
 1962",,,1,,
"May 5
","""Soldier Boy""
","70
 1962",,,1,,
"May 26
","""Stranger on the Shore""
","71
 1962",,,1,,
"June 2
","""I Can't Stop Loving You""
","72
 1962",,,1,,
"July 7
","""The Stripper""
","73
 1962",,,1,,
"July 14
","""Roses Are Red (My Love)""
","74
 1962",,,1,,
"August 11
","""Breaking Up Is Hard to Do""
","75
 1962",,,1,,
"August 25
","""The Loco-Motion""
","76
 1962",,,1,,
"September 1
","""Sheila""
","77
 1962",,,1,,
"September 15
","""Sherry""
","78
 1962",,,1,,
"October 20
","""Monster Mash""
","79
 1962",,,1,,
"November 3
","""He's a Rebel""
","80
 1962",,,1,,
"November 17
","""Big Girls Don't Cry""
","81
 1962",,,1,,
"December 22
","""Telstar""
","82
 1962",,,1,,
"January 5
","""Telstar""
","82
 1963",,,1,,
"January 12
","""Go Away Little Girl""
","83
 1963",,,1,,
"January 26
","""Walk Right In""
","84
 1963",,,1,,
"February 9
","""Hey Paula""
","85
 1963",,,1,,
"March 2
","""Walk Like a Man""
","86
 1963",,,1,,
"March 23
","""Our Day Will Come""
","87
 1963",,,1,,
"March 30
","""He's So Fine""
","88
 1963",,,1,,
"April 27
","""I Will Follow Him""
","89
 1963",,,1,,
"May 18
","""If You Wanna Be Happy""
","90
 1963",,,1,,
"June 1
","""It's My Party""
","91
 1963",,,1,,
"June 15
","""Sukiyaki""
","92
 1963",,,1,,
"July 6
","""Easier Said Than Done""
","93
 1963",,,1,,
"July 20
","""Surf City""
","94
 1963",,,1,,
"August 3
","""So Much in Love""
","95
 1963",,,1,,
"August 10
","""Fingertips Pt. 2""
","96
 1963",,,1,,
"August 31
","""My Boyfriend's Back""
","97
 1963",,,1,,
"September 21
","""Blue Velvet""
","98
 1963",,,1,,
"October 12
","""Sugar Shack""
","99
 1963",,,1,,
"November 16
","""Deep Purple""
","100
 1963",,,1,,
"November 23
","""I'm Leaving It Up to You""
","101
 1963",,,1,,
"December 7
","""Dominique""
","102
 1963",,,1,,
"January 4
","""There! I've Said It Again""
","103
 1964",,,1,,
"February 1
","""I Want to Hold Your Hand""
","104
 1964",,,1,,
"March 21
","""She Loves You""
","105
 1964",,,1,,
"April 4
","""Can't Buy Me Love""
","106
 1964",,,1,,
"May 9
","""Hello, Dolly!""
","107
 1964",,,1,,
"May 16
","""My Guy""
","108
 1964",,,1,,
"May 30
","""Love Me Do""
","109
 1964",,,1,,
"June 6
","""Chapel of Love""
","110
 1964",,,1,,
"June 27
","""A World Without Love""
","111
 1964",,,1,,
"July 4
","""I Get Around""
","112
 1964",,,1,,
"July 18
","""Rag Doll""
","113
 1964",,,1,,
"August 1
","""A Hard Day's Night""
","114
 1964",,,1,,
"August 15
","""Everybody Loves Somebody""
","115
 1964",,,1,,
"August 22
","""Where Did Our Love Go""
","116
 1964",,,1,,
"September 5
","""The House of the Rising Sun""
","117
 1964",,,1,,
"September 26
","""Oh, Pretty Woman""
","118
 1964",,,1,,
"October 17
","""Do Wah Diddy Diddy""
","119
 1964",,,1,,
"October 31
","""Baby Love""
","120
 1964",,,1,,
"November 28
","""Leader of the Pack""
","121
 1964",,,1,,
"December 5
","""Ringo""
","122
 1964",,,1,,
"December 12
","""Mr. Lonely""
","123
 1964",,,1,,
"December 19
","""Come See About Me""
","124
 1964",,,1,,
"December 26
","""I Feel Fine""
","125
 1964",,,1,,
"January 2
","""I Feel Fine""
","125
 1965",,,1,,
"January 16
","""Come See About Me""
","re
 1965",,,1,,
"January 23
","""Downtown""
","126
 1965",,,1,,
"February 6
","""You've Lost That Lovin' Feelin'""
","127
 1965",,,1,,
"February 20
","""This Diamond Ring""
","128
 1965",,,1,,
"March 6
","""My Girl""
","129
 1965",,,1,,
"March 13
","""Eight Days a Week""
","130
 1965",,,1,,
"March 27
","""Stop! In the Name of Love""
","131
 1965",,,1,,
"April 10
","""I'm Telling You Now""
","132
 1965",,,1,,
"April 24
","""Game of Love""
","133
 1965",,,1,,
"May 1
","""Mrs. Brown, You've Got a Lovely Daughter""
","134
 1965",,,1,,
"May 22
","""Ticket to Ride""
","135
 1965",,,1,,
"May 29
","""Help Me, Rhonda""
","136
 1965",,,1,,
"June 12
","""Back in My Arms Again""
","137
 1965",,,1,,
"June 19
","""I Can't Help Myself (Sugar Pie Honey Bunch)""
","138
 1965",,,1,,
"June 26
","""Mr. Tambourine Man""
","139
 1965",,,1,,
"July 3
","""I Can't Help Myself (Sugar Pie Honey Bunch)""
","re
 1965",,,1,,
"July 10
","""(I Can't Get No) Satisfaction""
","140
 1965",,,1,,
"August 7
","""I'm Henry VIII, I Am""
","141
 1965",,,1,,
"August 14
","""I Got You Babe""
","142
 1965",,,1,,
"September 4
","""Help!""
","143
 1965",,,1,,
"September 25
","""Eve of Destruction""
","144
 1965",,,1,,
"October 2
","""Hang On Sloopy""
","145
 1965",,,1,,
"October 9
","""Yesterday""
","146
 1965",,,1,,
"November 6
","""Get Off of My Cloud""
","147
 1965",,,1,,
"November 20
","""I Hear a Symphony""
","148
 1965",,,1,,
"December 4
","""Turn! Turn! Turn! (To Everything There Is a Season)""
","149
 1965",,,1,,
"December 25
","""Over and Over""
","150
 1965",,,1,,
"January 1
","""The Sound of Silence""
","151
 1966",,,1,,
"January 8
","""We Can Work It Out""
","152
 1966",,,1,,
"January 22
","""The Sound of Silence""
","re
 1966",,,1,,
"January 29
","""We Can Work It Out""
","re
 1966",,,1,,
"February 5
","""My Love""
","153
 1966",,,1,,
"February 19
","""Lightnin' Strikes""
","154
 1966",,,1,,
"February 26
","""These Boots Are Made for Walkin'""
","155
 1966",,,1,,
"March 5
","""Ballad of the Green Berets""
","156
 1966",,,1,,
"April 9
","""(You're My) Soul and Inspiration""
","157
 1966",,,1,,
"April 30
","""Good Lovin'""
","158
 1966",,,1,,
"May 7
","""Monday, Monday""
","159
 1966",,,1,,
"May 28
","""When a Man Loves a Woman""
","160
 1966",,,1,,
"June 11
","""Paint It Black""
","161
 1966",,,1,,
"June 25
","""Paperback Writer""
","162
 1966",,,1,,
"July 2
","""Strangers in the Night""
","163
 1966",,,1,,
"July 9
","""Paperback Writer""
","re
 1966",,,1,,
"July 16
","""Hanky Panky""
","164
 1966",,,1,,
"July 30
","""Wild Thing""
","165
 1966",,,1,,
"August 13
","""Summer in the City""
","166
 1966",,,1,,
"September 3
","""Sunshine Superman""
","167
 1966",,,1,,
"September 10
","""You Can't Hurry Love""
","168
 1966",,,1,,
"September 24
","""Cherish""
","169
 1966",,,1,,
"October 15
","""Reach Out I'll Be There""
","170
 1966",,,1,,
"October 29
","""96 Tears""
","171
 1966",,,1,,
"November 5
","""Last Train to Clarksville""
","172
 1966",,,1,,
"November 12
","""Poor Side of Town""
","173
 1966",,,1,,
"November 19
","""You Keep Me Hangin' On""
","174
 1966",,,1,,
"December 3
","""Winchester Cathedral""
","175
 1966",,,1,,
"December 10
","""Good Vibrations""
","176
 1966",,,1,,
"December 17
","""Winchester Cathedral""
","re
 1966",,,1,,
"December 31
","""I'm a Believer""
","177
 1966",,,1,,
"January 7
","""I'm a Believer""
","177
 1967",,,1,,
"February 18
","""Kind of a Drag""
","178
 1967",,,1,,
"March 4
","""Ruby Tuesday""
","179
 1967",,,1,,
"March 11
","""Love Is Here and Now You're Gone""
","180
 1967",,,1,,
"March 18
","""Penny Lane""
","181
 1967",,,1,,
"March 25
","""Happy Together""
","182
 1967",,,1,,
"April 15
","""Somethin' Stupid""
","183
 1967",,,1,,
"May 13
","""The Happening""
","184
 1967",,,1,,
"May 20
","""Groovin'""
","185
 1967",,,1,,
"June 3
","""Respect""
","186
 1967",,,1,,
"June 17
","""Groovin'""
","re
 1967",,,1,,
"July 1
","""Windy""
","187
 1967",,,1,,
"July 29
","""Light My Fire""
","188
 1967",,,1,,
"August 19
","""All You Need Is Love""
","189
 1967",,,1,,
"August 26
","""Ode to Billie Joe""
","190
 1967",,,1,,
"September 23
","""The Letter""
","191
 1967",,,1,,
"October 21
","""To Sir With Love""
","192
 1967",,,1,,
"November 25
","""Incense and Peppermints""
","193
 1967",,,1,,
"December 2
","""Daydream Believer""
","194
 1967",,,1,,
"December 30
","""Hello, Goodbye""
","195
 1967",,,1,,
"January 6
","""Hello, Goodbye""
","195
 1968",,,1,,
"January 20
","""Judy in Disguise (With Glasses)""
","196
 1968",,,1,,
"February 3
","""Green Tambourine""
","197
 1968",,,1,,
"February 10
","""Love is Blue""
","198
 1968",,,1,,
"March 16
","""(Sittin' On) The Dock of the Bay""
","199
 1968",,,1,,
"April 13
","""Honey""
","200
 1968",,,1,,
"May 18
","""Tighten Up""
","201
 1968",,,1,,
"June 1
","""Mrs. Robinson""
","202
 1968",,,1,,
"June 22
","""This Guy's in Love with You""
","203
 1968",,,1,,
"July 20
","""Grazing in the Grass""
","204
 1968",,,1,,
"August 3
","""Hello, I Love You""
","205
 1968",,,1,,
"August 17
","""People Got to Be Free""
","206
 1968",,,1,,
"September 21
","""Harper Valley PTA""
","207
 1968",,,1,,
"September 28
","""Hey Jude""
","208
 1968",,,1,,
"November 30
","""Love Child""
","209
 1968",,,1,,
"December 14
","""I Heard It Through the Grapevine""
","210
 1968",,,1,,
"January 4
","""I Heard It Through the Grapevine""
","210
 1969",,,1,,
"February 1
","""Crimson and Clover""
","211
 1969",,,1,,
"February 15
","""Everyday People""
","212
 1969",,,1,,
"March 15
","""Dizzy""
","213
 1969",,,1,,
"April 12
","""Aquarius/Let the Sunshine In (The Flesh Failures)""
","214
 1969",,,1,,
"May 24
","""Get Back""
","215
 1969",,,1,,
"June 28
","""Love Theme from Romeo and Juliet""
","216
 1969",,,1,,
"July 12
","""In the Year 2525 (Exordium and Terminus)""
","217
 1969",,,1,,
"August 23
","""Honky Tonk Women""
","218
 1969",,,1,,
"September 20
","""Sugar, Sugar""
","219
 1969",,,1,,
"October 18
","""I Can't Get Next to You""
","220
 1969",,,1,,
"November 1
","""Suspicious Minds""
","221
 1969",,,1,,
"November 8
","""Wedding Bell Blues""
","222
 1969",,,1,,
"November 29
","""Come Together"" / ""Something""
","223
 1969",,,1,,
"December 6
","""Na Na Hey Hey Kiss Him Goodbye""
","224
 1969",,,1,,
"December 20
","""Leaving on a Jet Plane""
","225
 1969",,,1,,
"December 27
","""Someday We'll Be Together""
","226
 1969",,,1,,
"January 3
","""Raindrops Keep Fallin' on My Head""
","227
 1970",,,1,,
"January 31
","""I Want You Back""
","228
 1970",,,1,,
"February 7
","""Venus""
","229
 1970",,,1,,
"February 14
","""Thank You (Falettinme Be Mice Elf Agin)"" / ""Everybody Is a Star""
","230
 1970",,,1,,
"February 28
","""Bridge over Troubled Water""
","231
 1970",,,1,,
"April 11
","""Let It Be""
","232
 1970",,,1,,
"April 25
","""ABC""
","233
 1970",,,1,,
"May 9
","""American Woman"" / ""No Sugar Tonight""
","234
 1970",,,1,,
"May 30
","""Everything Is Beautiful""
","235
 1970",,,1,,
"June 13
","""The Long and Winding Road"" / ""For You Blue""
","236
 1970",,,1,,
"June 27
","""The Love You Save""
","237
 1970",,,1,,
"July 11
","""Mama Told Me (Not to Come)""
","238
 1970",,,1,,
"July 25
","""(They Long to Be) Close to You""
","239
 1970",,,1,,
"August 22
","""Make It with You""
","240
 1970",,,1,,
"August 29
","""War""
","241
 1970",,,1,,
"September 19
","""Ain't No Mountain High Enough""
","242
 1970",,,1,,
"October 10
","""Cracklin' Rosie""
","243
 1970",,,1,,
"October 17
","""I'll Be There""
","244
 1970",,,1,,
"November 21
","""I Think I Love You""
","245
 1970",,,1,,
"December 12
","""The Tears of a Clown""
","246
 1970",,,1,,
"December 26
","""My Sweet Lord"" / ""Isn't It a Pity""
","247
 1970",,,1,,
"January 2
","""My Sweet Lord"" / ""Isn't It a Pity""
","247
 1971",,,1,,
"January 23
","""Knock Three Times""
","248
 1971",,,1,,
"February 13
","""One Bad Apple""
","249
 1971",,,1,,
"March 20
","""Me and Bobby McGee""
","250
 1971",,,1,,
"April 3
","""Just My Imagination (Running Away with Me)""
","251
 1971",,,1,,
"April 17
","""Joy to the World""
","252
 1971",,,1,,
"May 29
","""Brown Sugar""
","253
 1971",,,1,,
"June 12
","""Want Ads""
","254
 1971",,,1,,
"June 19
","""It's Too Late"" / ""I Feel the Earth Move""
","255
 1971",,,1,,
"July 24
","""Indian Reservation (The Lament of the Cherokee Reservation Indian)""
","256
 1971",,,1,,
"July 31
","""You've Got a Friend""
","257
 1971",,,1,,
"August 7
","""How Can You Mend a Broken Heart""
","258
 1971",,,1,,
"September 4
","""Uncle Albert/Admiral Halsey""
","259
 1971",,,1,,
"September 11
","""Go Away Little Girl""
","260
 1971",,,1,,
"October 2
","""Maggie May"" / ""Reason to Believe""
","261
 1971",,,1,,
"November 6
","""Gypsys, Tramps & Thieves""
","262
 1971",,,1,,
"November 20
","""Theme from Shaft""
","263
 1971",,,1,,
"December 4
","""Family Affair""
","264
 1971",,,1,,
"December 25
","""Brand New Key""
","265
 1971",,,1,,
"January 1
","""Brand New Key""
","265
 1972",,,1,,
"January 15
","""American Pie""
","266
 1972",,,1,,
"February 12
","""Let's Stay Together""
","267
 1972",,,1,,
"February 19
","""Without You""
","268
 1972",,,1,,
"March 18
","""Heart of Gold""
","269
 1972",,,1,,
"March 25
","""A Horse with No Name""
","270
 1972",,,1,,
"April 15
","""The First Time Ever I Saw Your Face""
","271
 1972",,,1,,
"May 27
","""Oh Girl""
","272
 1972",,,1,,
"June 3
","""I'll Take You There""
","273
 1972",,,1,,
"June 10
","""The Candy Man""
","274
 1972",,,1,,
"July 1
","""Song Sung Blue""
","275
 1972",,,1,,
"July 8
","""Lean on Me""
","276
 1972",,,1,,
"July 29
","""Alone Again (Naturally)""
","277
 1972",,,1,,
"August 26
","""Brandy (You're a Fine Girl)""
","278
 1972",,,1,,
"September 2
","""Alone Again (Naturally)""
","re
 1972",,,1,,
"September 16
","""Black and White""
","279
 1972",,,1,,
"September 23
","""Baby, Don't Get Hooked on Me""
","280
 1972",,,1,,
"October 14
","""Ben""
","281
 1972",,,1,,
"October 21
","""My Ding-a-Ling""
","282
 1972",,,1,,
"November 4
","""I Can See Clearly Now""
","283
 1972",,,1,,
"December 2
","""Papa Was a Rollin' Stone""
","284
 1972",,,1,,
"December 9
","""I Am Woman""
","285
 1972",,,1,,
"December 16
","""Me and Mrs. Jones""
","286
 1972",,,1,,
"January 6
","""You're So Vain""
","287
 1973",,,1,,
"January 27
","""Superstition""
","288
 1973",,,1,,
"February 3
","""Crocodile Rock""
","289
 1973",,,1,,
"February 24
","""Killing Me Softly with His Song""
","290
 1973",,,1,,
"March 24
","""Love Train""
","291
 1973",,,1,,
"March 31
","""Killing Me Softly with His Song""
","re
 1973",,,1,,
"April 7
","""The Night the Lights Went Out in Georgia""
","292
 1973",,,1,,
"April 21
","""Tie a Yellow Ribbon Round the Ole Oak Tree""
","293
 1973",,,1,,
"May 19
","""You Are the Sunshine of My Life""
","294
 1973",,,1,,
"May 26
","""Frankenstein""
","295
 1973",,,1,,
"June 2
","""My Love""
","296
 1973",,,1,,
"June 30
","""Give Me Love (Give Me Peace on Earth)""
","297
 1973",,,1,,
"July 7
","""Will It Go Round in Circles""
","298
 1973",,,1,,
"July 21
","""Bad, Bad Leroy Brown""
","299
 1973",,,1,,
"August 4
","""The Morning After""
","300
 1973",,,1,,
"August 18
","""Touch Me in the Morning""
","301
 1973",,,1,,
"August 25
","""Brother Louie""
","302
 1973",,,1,,
"September 8
","""Let's Get It On""
","303
 1973",,,1,,
"September 15
","""Delta Dawn""
","304
 1973",,,1,,
"September 22
","""Let's Get It On""
","re
 1973",,,1,,
"September 29
","""We're an American Band""
","305
 1973",,,1,,
"October 6
","""Half-Breed""
","306
 1973",,,1,,
"October 20
","""Angie""
","307
 1973",,,1,,
"October 27
","""Midnight Train to Georgia""
","308
 1973",,,1,,
"November 10
","""Keep on Truckin' (Part 1)""
","309
 1973",,,1,,
"November 24
","""Photograph""
","310
 1973",,,1,,
"December 1
","""Top of the World""
","311
 1973",,,1,,
"December 15
","""The Most Beautiful Girl""
","312
 1973",,,1,,
"December 29
","""Time in a Bottle""
","313
 1973",,,1,,
"January 5
","""Time in a Bottle""
","313
 1974",,,1,,
"January 12
","""The Joker""
","314
 1974",,,1,,
"January 19
","""Show and Tell""
","315
 1974",,,1,,
"January 26
","""You're Sixteen""
","316
 1974",,,1,,
"February 2
","""The Way We Were""
","317
 1974",,,1,,
"February 9
","""Love's Theme""
","318
 1974",,,1,,
"February 16
","""The Way We Were""
","re
 1974",,,1,,
"March 2
","""Seasons in the Sun""
","319
 1974",,,1,,
"March 23
","""Dark Lady""
","320
 1974",,,1,,
"March 30
","""Sunshine on My Shoulders""
","321
 1974",,,1,,
"April 6
","""Hooked on a Feeling""
","322
 1974",,,1,,
"April 13
","""Bennie and the Jets""
","323
 1974",,,1,,
"April 20
","""TSOP (The Sound of Philadelphia)""
","324
 1974",,,1,,
"May 4
","""The Loco-Motion""
","325
 1974",,,1,,
"May 18
","""The Streak""
","326
 1974",,,1,,
"June 8
","""Band on the Run""
","327
 1974",,,1,,
"June 15
","""Billy Don't Be a Hero""
","328
 1974",,,1,,
"June 29
","""Sundown""
","329
 1974",,,1,,
"July 6
","""Rock the Boat""
","330
 1974",,,1,,
"July 13
","""Rock Your Baby""
","331
 1974",,,1,,
"July 27
","""Annie's Song""
","332
 1974",,,1,,
"August 10
","""Feel Like Makin' Love""
","333
 1974",,,1,,
"August 17
","""The Night Chicago Died""
","334
 1974",,,1,,
"August 24
","""(You're) Having My Baby""
","335
 1974",,,1,,
"September 14
","""I Shot the Sheriff""
","336
 1974",,,1,,
"September 21
","""Can't Get Enough of Your Love, Babe""
","337
 1974",,,1,,
"September 28
","""Rock Me Gently""
","338
 1974",,,1,,
"October 5
","""I Honestly Love You""
","339
 1974",,,1,,
"October 19
","""Nothing From Nothing""
","340
 1974",,,1,,
"October 26
","""Then Came You""
","341
 1974",,,1,,
"November 2
","""You Haven't Done Nothin'""
","342
 1974",,,1,,
"November 9
","""You Ain't Seen Nothing Yet""
","343
 1974",,,1,,
"November 16
","""Whatever Gets You thru the Night""
","344
 1974",,,1,,
"November 23
","""I Can Help""
","345
 1974",,,1,,
"December 7
","""Kung Fu Fighting""
","346
 1974",,,1,,
"December 21
","""Cat's in the Cradle""
","347
 1974",,,1,,
"December 28
","""Angie Baby""
","348
 1974",,,1,,
"January 4
","""Lucy in the Sky with Diamonds""
","349
 1975",,,1,,
"January 18
","""Mandy""
","350
 1975",,,1,,
"January 25
","""Please Mr. Postman""
","351
 1975",,,1,,
"February 1
","""Laughter in the Rain""
","352
 1975",,,1,,
"February 8
","""Fire""
","353
 1975",,,1,,
"February 15
","""You're No Good""
","354
 1975",,,1,,
"February 22
","""Pick Up the Pieces""
","355
 1975",,,1,,
"March 1
","""Best of My Love""
","356
 1975",,,1,,
"March 8
","""Have You Never Been Mellow""
","357
 1975",,,1,,
"March 15
","""Black Water""
","358
 1975",,,1,,
"March 22
","""My Eyes Adored You""
","359
 1975",,,1,,
"March 29
","""Lady Marmalade""
","360
 1975",,,1,,
"April 5
","""Lovin' You""
","361
 1975",,,1,,
"April 12
","""Philadelphia Freedom""
","362
 1975",,,1,,
"April 26
","""(Hey Won't You Play) Another Somebody Done Somebody Wrong Song""
","363
 1975",,,1,,
"May 3
","""He Don't Love You (Like I Love You)""
","364
 1975",,,1,,
"May 24
","""Shining Star""
","365
 1975",,,1,,
"May 31
","""Before the Next Teardrop Falls""
","366
 1975",,,1,,
"June 7
","""Thank God I'm a Country Boy""
","367
 1975",,,1,,
"June 14
","""Sister Golden Hair""
","368
 1975",,,1,,
"June 21
","""Love Will Keep Us Together""
","369
 1975",,,1,,
"July 19
","""Listen to What the Man Said""
","370
 1975",,,1,,
"July 26
","""The Hustle""
","371
 1975",,,1,,
"August 2
","""One of These Nights""
","372
 1975",,,1,,
"August 9
","""Jive Talkin'""
","373
 1975",,,1,,
"August 23
","""Fallin' in Love""
","374
 1975",,,1,,
"August 30
","""Get Down Tonight""
","375
 1975",,,1,,
"September 6
","""Rhinestone Cowboy""
","376
 1975",,,1,,
"September 20
","""Fame""
","377
 1975",,,1,,
"September 27
","""I'm Sorry""
","378
 1975",,,1,,
"October 4
","""Fame""
","re
 1975",,,1,,
"October 11
","""Bad Blood""
","379
 1975",,,1,,
"November 1
","""Island Girl""
","380
 1975",,,1,,
"November 22
","""That's the Way (I Like It)""
","381
 1975",,,1,,
"November 29
","""Fly, Robin, Fly""
","382
 1975",,,1,,
"December 20
","""That's the Way (I Like It)""
","re
 1975",,,1,,
"December 27
","""Let's Do It Again""
","383
 1975",,,1,,
"January 3
","""Saturday Night""
","384
 1976",,,1,,
"January 10
","""Convoy""
","385
 1976",,,1,,
"January 17
","""I Write the Songs""
","386
 1976",,,1,,
"January 24
","""Theme from Mahogany (Do You Know Where You're Going To)""
","387
 1976",,,1,,
"January 31
","""Love Rollercoaster""
","388
 1976",,,1,,
"February 7
","""50 Ways to Leave Your Lover""
","389
 1976",,,1,,
"February 28
","""Theme from S.W.A.T.""
","390
 1976",,,1,,
"March 6
","""Love Machine (Part 1)""
","391
 1976",,,1,,
"March 13
","""December, 1963 (Oh, What a Night)""
","392
 1976",,,1,,
"April 3
","""Disco Lady""
","393
 1976",,,1,,
"May 1
","""Let Your Love Flow""
","394
 1976",,,1,,
"May 8
","""Welcome Back""
","395
 1976",,,1,,
"May 15
","""Boogie Fever""
","396
 1976",,,1,,
"May 22
","""Silly Love Songs""
","397
 1976",,,1,,
"May 29
","""Love Hangover""
","398
 1976",,,1,,
"June 12
","""Silly Love Songs""
","re
 1976",,,1,,
"July 10
","""Afternoon Delight""
","399
 1976",,,1,,
"July 24
","""Kiss and Say Goodbye""
","400
 1976",,,1,,
"August 7
","""Don't Go Breaking My Heart""
","401
 1976",,,1,,
"September 4
","""You Should Be Dancing""
","402
 1976",,,1,,
"September 11
","""(Shake, Shake, Shake) Shake Your Booty""
","403
 1976",,,1,,
"September 18
","""Play That Funky Music""
","404
 1976",,,1,,
"October 9
","""A Fifth of Beethoven""
","405
 1976",,,1,,
"October 16
","""Disco Duck (Part 1)""
","406
 1976",,,1,,
"October 23
","""If You Leave Me Now""
","407
 1976",,,1,,
"November 6
","""Rock'n Me""
","408
 1976",,,1,,
"November 13
","""Tonight's the Night (Gonna Be Alright)""
","409
 1976",,,1,,
"January 1
","""Tonight's the Night (Gonna Be Alright)""
","409
 1977",,,1,,
"January 8
","""You Don't Have to Be a Star (To Be in My Show)""
","410
 1977",,,1,,
"January 15
","""You Make Me Feel Like Dancing""
","411
 1977",,,1,,
"January 22
","""I Wish""
","412
 1977",,,1,,
"January 29
","""Car Wash""
","413
 1977",,,1,,
"February 5
","""Torn Between Two Lovers""
","414
 1977",,,1,,
"February 19
","""Blinded by the Light""
","415
 1977",,,1,,
"February 26
","""New Kid in Town""
","416
 1977",,,1,,
"March 5
","""Evergreen (Love Theme from A Star Is Born)""
","417
 1977",,,1,,
"March 26
","""Rich Girl""
","418
 1977",,,1,,
"April 9
","""Dancing Queen""
","419
 1977",,,1,,
"April 16
","""Don't Give Up on Us""
","420
 1977",,,1,,
"April 23
","""Don't Leave Me This Way""
","421
 1977",,,1,,
"April 30
","""Southern Nights""
","422
 1977",,,1,,
"May 7
","""Hotel California""
","423
 1977",,,1,,
"May 14
","""When I Need You""
","424
 1977",,,1,,
"May 21
","""Sir Duke""
","425
 1977",,,1,,
"June 11
","""I'm Your Boogie Man""
","426
 1977",,,1,,
"June 18
","""Dreams""
","427
 1977",,,1,,
"June 25
","""Got to Give It Up (Part 1)""
","428
 1977",,,1,,
"July 2
","""Gonna Fly Now (Theme From Rocky)""
","429
 1977",,,1,,
"July 9
","""Undercover Angel""
","430
 1977",,,1,,
"July 16
","""Da Doo Ron Ron""
","431
 1977",,,1,,
"July 23
","""Looks Like We Made It""
","432
 1977",,,1,,
"July 30
","""I Just Want to Be Your Everything""
","433
 1977",,,1,,
"August 20
","""Best of My Love""
","434
 1977",,,1,,
"September 17
","""I Just Want to Be Your Everything""
","re
 1977",,,1,,
"September 24
","""Best of My Love""
","re
 1977",,,1,,
"October 1
","""Star Wars Theme/Cantina Band""
","435
 1977",,,1,,
"October 15
","""You Light Up My Life""
","436
 1977",,,1,,
"December 24
","""How Deep Is Your Love""
","437
 1977",,,1,,
"January 7
","""How Deep Is Your Love""
","437
 1978",,,1,,
"January 14
","""Baby Come Back""
","438
 1978",,,1,,
"February 4
","""Stayin' Alive""
","439
 1978",,,1,,
"March 4
","""(Love Is) Thicker Than Water""
","440
 1978",,,1,,
"March 18
","""Night Fever""
","441
 1978",,,1,,
"May 13
","""If I Can't Have You""
","442
 1978",,,1,,
"May 20
","""With a Little Luck""
","443
 1978",,,1,,
"June 3
","""Too Much, Too Little, Too Late""
","444
 1978",,,1,,
"June 10
","""You're the One That I Want""
","445
 1978",,,1,,
"June 17
","""Shadow Dancing""
","446
 1978",,,1,,
"August 5
","""Miss You""
","447
 1978",,,1,,
"August 12
","""Three Times a Lady""
","448
 1978",,,1,,
"August 26
","""Grease""
","449
 1978",,,1,,
"September 9
","""Boogie Oogie Oogie""
","450
 1978",,,1,,
"September 30
","""Kiss You All Over""
","451
 1978",,,1,,
"October 28
","""Hot Child in the City""
","452
 1978",,,1,,
"November 4
","""You Needed Me""
","453
 1978",,,1,,
"November 11
","""MacArthur Park""
","454
 1978",,,1,,
"December 2
","""You Don't Bring Me Flowers""
","455
 1978",,,1,,
"December 9
","""Le Freak""
","456
 1978",,,1,,
"December 16
","""You Don't Bring Me Flowers""
","re
 1978",,,1,,
"December 23
","""Le Freak""
","re
 1978",,,1,,
"January 6
","""Too Much Heaven""
","457
 1979",,,1,,
"January 20
","""Le Freak""
","re
 1979",,,1,,
"February 10
","""Da Ya Think I'm Sexy?""
","458
 1979",,,1,,
"March 10
","""I Will Survive""
","459
 1979",,,1,,
"March 24
","""Tragedy""
","460
 1979",,,1,,
"April 7
","""I Will Survive""
","re
 1979",,,1,,
"April 14
","""What a Fool Believes""
","461
 1979",,,1,,
"April 21
","""Knock on Wood""
","462
 1979",,,1,,
"April 28
","""Heart of Glass""
","463
 1979",,,1,,
"May 5
","""Reunited""
","464
 1979",,,1,,
"June 2
","""Hot Stuff""
","465
 1979",,,1,,
"June 9
","""Love You Inside Out""
","466
 1979",,,1,,
"June 16
","""Hot Stuff""
","re
 1979",,,1,,
"June 30
","""Ring My Bell""
","467
 1979",,,1,,
"July 14
","""Bad Girls""
","468
 1979",,,1,,
"August 18
","""Good Times""
","469
 1979",,,1,,
"August 25
","""My Sharona""
","470
 1979",,,1,,
"October 6
","""Sad Eyes""
","471
 1979",,,1,,
"October 13
","""Don't Stop 'Til You Get Enough""
","472
 1979",,,1,,
"October 20
","""Rise""
","473
 1979",,,1,,
"November 3
","""Pop Muzik""
","474
 1979",,,1,,
"November 10
","""Heartache Tonight""
","475
 1979",,,1,,
"November 17
","""Still""
","476
 1979",,,1,,
"November 24
","""No More Tears (Enough Is Enough)""
","477
 1979",,,1,,
"December 8
","""Babe""
","478
 1979",,,1,,
"December 22
","""Escape (The Piña Colada Song)""
","479
 1979",,,1,,
"January 5
","""Please Don't Go""
","480
 1980",,,1,,
"January 12
","""Escape (The Piña Colada Song)""
","re
 1980",,,1,,
"January 19
","""Rock with You""
","481
 1980",,,1,,
"February 16
","""Do That to Me One More Time""
","482
 1980",,,1,,
"February 23
","""Crazy Little Thing Called Love""
","483
 1980",,,1,,
"March 22
","""Another Brick in the Wall, Part II""
","484
 1980",,,1,,
"April 19
","""Call Me""[16]
","485
 1980",,,1,,
"May 31
","""Funkytown""
","486
 1980",,,1,,
"June 28
","""Coming Up""
","487
 1980",,,1,,
"July 19
","""It's Still Rock and Roll to Me""
","488
 1980",,,1,,
"August 2
","""Magic""
","489
 1980",,,1,,
"August 30
","""Sailing""
","490
 1980",,,1,,
"September 6
","""Upside Down""
","491
 1980",,,1,,
"October 4
","""Another One Bites the Dust""
","492
 1980",,,1,,
"October 25
","""Woman in Love""
","493
 1980",,,1,,
"November 15
","""Lady""
","494
 1980",,,1,,
"December 27
","""(Just Like) Starting Over""
","495
 1980",,,1,,
"January 3
","""(Just Like) Starting Over""
","495
 1981",,,1,,
"January 31
","""The Tide Is High""
","496
 1981",,,1,,
"February 7
","""Celebration""
","497
 1981",,,1,,
"February 21
","""9 to 5""
","498
 1981",,,1,,
"February 28
","""I Love a Rainy Night""
","499
 1981",,,1,,
"March 14
","""9 to 5""
","re
 1981",,,1,,
"March 21
","""Keep On Loving You""
","500
 1981",,,1,,
"March 28
","""Rapture""
","501
 1981",,,1,,
"April 11
","""Kiss on My List""
","502
 1981",,,1,,
"May 2
","""Morning Train (Nine to Five)""
","503
 1981",,,1,,
"May 16
","""Bette Davis Eyes""
","504
 1981",,,1,,
"June 20
","""Stars on 45 Medley""
","505
 1981",,,1,,
"June 27
","""Bette Davis Eyes""
","re
 1981",,,1,,
"July 25
","""The One That You Love""
","506
 1981",,,1,,
"August 1
","""Jessie's Girl""
","507
 1981",,,1,,
"August 15
","""Endless Love""
","508
 1981",,,1,,
"October 17
","""Arthur's Theme (Best That You Can Do)""
","509
 1981",,,1,,
"November 7
","""Private Eyes""
","510
 1981",,,1,,
"November 21
","""Physical""
","511
 1981",,,1,,
"January 2
","""Physical""
","511
 1982",,,1,,
"January 30
","""I Can't Go for That (No Can Do)""
","512
 1982",,,1,,
"February 6
","""Centerfold""
","513
 1982",,,1,,
"March 20
","""I Love Rock 'n' Roll""
","514
 1982",,,1,,
"May 8
","""Chariots of Fire""
","515
 1982",,,1,,
"May 15
","""Ebony and Ivory""
","516
 1982",,,1,,
"July 3
","""Don't You Want Me""
","517
 1982",,,1,,
"July 24
","""Eye of the Tiger""
","518
 1982",,,1,,
"September 4
","""Abracadabra""
","519
 1982",,,1,,
"September 11
","""Hard to Say I'm Sorry""
","520
 1982",,,1,,
"September 25
","""Abracadabra""
","re
 1982",,,1,,
"October 2
","""Jack & Diane""
","521
 1982",,,1,,
"October 30
","""Who Can It Be Now?""
","522
 1982",,,1,,
"November 6
","""Up Where We Belong""
","523
 1982",,,1,,
"November 27
","""Truly""
","524
 1982",,,1,,
"December 11
","""Mickey""
","525
 1982",,,1,,
"December 18
","""Maneater""
","526
 1982",,,1,,
"January 1
","""Maneater""
","526
 1983",,,1,,
"January 15
","""Down Under""
","527
 1983",,,1,,
"February 5
","""Africa""
","528
 1983",,,1,,
"February 12
","""Down Under""
","re
 1983",,,1,,
"February 19
","""Baby, Come to Me""
","529
 1983",,,1,,
"March 5
","""Billie Jean""
","530
 1983",,,1,,
"April 23
","""Come On Eileen""
","531
 1983",,,1,,
"April 30
","""Beat It""
","532
 1983",,,1,,
"May 21
","""Let's Dance""
","533
 1983",,,1,,
"May 28
","""Flashdance... What a Feeling""
","534
 1983",,,1,,
"July 9
","""Every Breath You Take""
","535
 1983",,,1,,
"September 3
","""Sweet Dreams (Are Made of This)""
","536
 1983",,,1,,
"September 10
","""Maniac""
","537
 1983",,,1,,
"September 24
","""Tell Her About It""
","538
 1983",,,1,,
"October 1
","""Total Eclipse of the Heart""
","539
 1983",,,1,,
"October 29
","""Islands in the Stream""
","540
 1983",,,1,,
"November 12
","""All Night Long (All Night)""
","541
 1983",,,1,,
"December 10
","""Say Say Say""
","542
 1983",,,1,,
"January 7
","""Say Say Say""
","542
 1984",,,1,,
"January 21
","""Owner of a Lonely Heart""
","543
 1984",,,1,,
"February 4
","""Karma Chameleon""
","544
 1984",,,1,,
"February 25
","""Jump""
","545
 1984",,,1,,
"March 31
","""Footloose""
","546
 1984",,,1,,
"April 21
","""Against All Odds (Take a Look at Me Now)""
","547
 1984",,,1,,
"May 12
","""Hello""
","548
 1984",,,1,,
"May 26
","""Let's Hear It for the Boy""
","549
 1984",,,1,,
"June 9
","""Time After Time""
","550
 1984",,,1,,
"June 23
","""The Reflex""
","551
 1984",,,1,,
"July 7
","""When Doves Cry""
","552
 1984",,,1,,
"August 11
","""Ghostbusters""
","553
 1984",,,1,,
"September 1
","""What's Love Got to Do with It""
","554
 1984",,,1,,
"September 22
","""Missing You""
","555
 1984",,,1,,
"September 29
","""Let's Go Crazy""
","556
 1984",,,1,,
"October 13
","""I Just Called to Say I Love You""
","557
 1984",,,1,,
"November 3
","""Caribbean Queen (No More Love on the Run)""
","558
 1984",,,1,,
"November 17
","""Wake Me Up Before You Go-Go""
","559
 1984",,,1,,
"December 8
","""Out of Touch""
","560
 1984",,,1,,
"December 22
","""Like a Virgin""
","561
 1984",,,1,,
"January 5
","""Like a Virgin""
","561
 1985",,,1,,
"February 2
","""I Want to Know What Love Is""
","562
 1985",,,1,,
"February 16
","""Careless Whisper""
","563
 1985",,,1,,
"March 9
","""Can't Fight This Feeling""
","564
 1985",,,1,,
"March 30
","""One More Night""
","565
 1985",,,1,,
"April 13
","""We Are the World""
","566
 1985",,,1,,
"May 11
","""Crazy for You""
","567
 1985",,,1,,
"May 18
","""Don't You (Forget About Me)""
","568
 1985",,,1,,
"May 25
","""Everything She Wants""
","569
 1985",,,1,,
"June 8
","""Everybody Wants to Rule the World""
","570
 1985",,,1,,
"June 22
","""Heaven""
","571
 1985",,,1,,
"July 6
","""Sussudio""
","572
 1985",,,1,,
"July 13
","""A View to a Kill""
","573
 1985",,,1,,
"July 27
","""Everytime You Go Away""
","574
 1985",,,1,,
"August 3
","""Shout""
","575
 1985",,,1,,
"August 24
","""The Power of Love""
","576
 1985",,,1,,
"September 7
","""St. Elmo's Fire (Man in Motion)""
","577
 1985",,,1,,
"September 21
","""Money for Nothing""
","578
 1985",,,1,,
"October 12
","""Oh Sheila""
","579
 1985",,,1,,
"October 19
","""Take On Me""
","580
 1985",,,1,,
"October 26
","""Saving All My Love for You""
","581
 1985",,,1,,
"November 2
","""Part-Time Lover""
","582
 1985",,,1,,
"November 9
","""Miami Vice Theme""
","583
 1985",,,1,,
"November 16
","""We Built This City""
","584
 1985",,,1,,
"November 30
","""Separate Lives""
","585
 1985",,,1,,
"December 7
","""Broken Wings""
","586
 1985",,,1,,
"December 21
","""Say You, Say Me""
","587
 1985",,,1,,
"January 4
","""Say You, Say Me""
","587
 1986",,,1,,
"January 18
","""That's What Friends Are For""
","588
 1986",,,1,,
"February 15
","""How Will I Know""
","589
 1986",,,1,,
"March 1
","""Kyrie""
","590
 1986",,,1,,
"March 15
","""Sara""
","591
 1986",,,1,,
"March 22
","""These Dreams""
","592
 1986",,,1,,
"March 29
","""Rock Me Amadeus""
","593
 1986",,,1,,
"April 19
","""Kiss""
","594
 1986",,,1,,
"May 3
","""Addicted to Love""
","595
 1986",,,1,,
"May 10
","""West End Girls""
","596
 1986",,,1,,
"May 17
","""Greatest Love of All""
","597
 1986",,,1,,
"June 7
","""Live to Tell""
","598
 1986",,,1,,
"June 14
","""On My Own""
","599
 1986",,,1,,
"July 5
","""There'll Be Sad Songs (To Make You Cry)""
","600
 1986",,,1,,
"July 12
","""Holding Back the Years""
","601
 1986",,,1,,
"July 19
","""Invisible Touch""
","602
 1986",,,1,,
"July 26
","""Sledgehammer""
","603
 1986",,,1,,
"August 2
","""Glory of Love""
","604
 1986",,,1,,
"August 16
","""Papa Don't Preach""
","605
 1986",,,1,,
"August 30
","""Higher Love""
","606
 1986",,,1,,
"September 6
","""Venus""
","607
 1986",,,1,,
"September 13
","""Take My Breath Away""
","608
 1986",,,1,,
"September 20
","""Stuck with You""
","609
 1986",,,1,,
"October 11
","""When I Think of You""
","610
 1986",,,1,,
"October 25
","""True Colors""
","611
 1986",,,1,,
"November 8
","""Amanda""
","612
 1986",,,1,,
"November 22
","""Human""
","613
 1986",,,1,,
"November 29
","""You Give Love a Bad Name""
","614
 1986",,,1,,
"December 6
","""The Next Time I Fall""
","615
 1986",,,1,,
"December 13
","""The Way It Is""
","616
 1986",,,1,,
"December 20
","""Walk Like an Egyptian""
","617
 1986",,,1,,
"January 3
","""Walk Like an Egyptian""
","617
 1987",,,1,,
"January 17
","""Shake You Down""
","618
 1987",,,1,,
"January 24
","""At This Moment""
","619
 1987",,,1,,
"February 7
","""Open Your Heart""
","620
 1987",,,1,,
"February 14
","""Livin' on a Prayer""
","621
 1987",,,1,,
"March 14
","""Jacob's Ladder""
","622
 1987",,,1,,
"March 21
","""Lean on Me""
","623
 1987",,,1,,
"April 4
","""Nothing's Gonna Stop Us Now""
","624
 1987",,,1,,
"April 18
","""I Knew You Were Waiting (For Me)""
","625
 1987",,,1,,
"May 2
","""(I Just) Died in Your Arms""
","626
 1987",,,1,,
"May 16
","""With or Without You""
","627
 1987",,,1,,
"June 6
","""You Keep Me Hangin' On""
","628
 1987",,,1,,
"June 13
","""Always""
","629
 1987",,,1,,
"June 20
","""Head to Toe""
","630
 1987",,,1,,
"June 27
","""I Wanna Dance with Somebody (Who Loves Me)""
","631
 1987",,,1,,
"July 11
","""Alone""
","632
 1987",,,1,,
"August 1
","""Shakedown""
","633
 1987",,,1,,
"August 8
","""I Still Haven't Found What I'm Looking For""
","634
 1987",,,1,,
"August 22
","""Who's That Girl""
","635
 1987",,,1,,
"August 29
","""La Bamba""
","636
 1987",,,1,,
"September 19
","""I Just Can't Stop Loving You""
","637
 1987",,,1,,
"September 26
","""Didn't We Almost Have It All""
","638
 1987",,,1,,
"October 10
","""Here I Go Again""
","639
 1987",,,1,,
"October 17
","""Lost in Emotion""
","640
 1987",,,1,,
"October 24
","""Bad""
","641
 1987",,,1,,
"November 7
","""I Think We're Alone Now""
","642
 1987",,,1,,
"November 21
","""Mony Mony""
","643
 1987",,,1,,
"November 28
","""(I've Had) The Time of My Life""
","644
 1987",,,1,,
"December 5
","""Heaven Is a Place on Earth""
","645
 1987",,,1,,
"December 12
","""Faith""
","646
 1987",,,1,,
"January 2
","""Faith""
","646
 1988",,,1,,
"January 9
","""So Emotional""
","647
 1988",,,1,,
"January 16
","""Got My Mind Set on You""
","648
 1988",,,1,,
"January 23
","""The Way You Make Me Feel""
","649
 1988",,,1,,
"January 30
","""Need You Tonight""
","650
 1988",,,1,,
"February 6
","""Could've Been""
","651
 1988",,,1,,
"February 20
","""Seasons Change""
","652
 1988",,,1,,
"February 27
","""Father Figure""
","653
 1988",,,1,,
"March 12
","""Never Gonna Give You Up""
","654
 1988",,,1,,
"March 26
","""Man in the Mirror""
","655
 1988",,,1,,
"April 9
","""Get Outta My Dreams, Get into My Car""
","656
 1988",,,1,,
"April 23
","""Where Do Broken Hearts Go""
","657
 1988",,,1,,
"May 7
","""Wishing Well""
","658
 1988",,,1,,
"May 14
","""Anything for You""
","659
 1988",,,1,,
"May 28
","""One More Try""
","660
 1988",,,1,,
"June 18
","""Together Forever""
","661
 1988",,,1,,
"June 25
","""Foolish Beat""
","662
 1988",,,1,,
"July 2
","""Dirty Diana""
","663
 1988",,,1,,
"July 9
","""The Flame""
","664
 1988",,,1,,
"July 23
","""Hold On to the Nights""
","665
 1988",,,1,,
"July 30
","""Roll With It""
","666
 1988",,,1,,
"August 27
","""Monkey""
","667
 1988",,,1,,
"September 10
","""Sweet Child o' Mine""
","668
 1988",,,1,,
"September 24
","""Don't Worry, Be Happy""
","669
 1988",,,1,,
"October 8
","""Love Bites""
","670
 1988",,,1,,
"October 15
","""Red Red Wine""
","671
 1988",,,1,,
"October 22
","""A Groovy Kind of Love""
","672
 1988",,,1,,
"November 5
","""Kokomo""
","673
 1988",,,1,,
"November 12
","""Wild, Wild West""
","674
 1988",,,1,,
"November 19
","""Bad Medicine""
","675
 1988",,,1,,
"December 3
","""Baby, I Love Your Way/Freebird Medley""
","676
 1988",,,1,,
"December 10
","""Look Away""
","677
 1988",,,1,,
"December 24
","""Every Rose Has Its Thorn""
","678
 1988",,,1,,
"January 7
","""Every Rose Has Its Thorn""
","678
 1989",,,1,,
"January 14
","""My Prerogative""
","679
 1989",,,1,,
"January 21
","""Two Hearts""
","680
 1989",,,1,,
"February 4
","""When I'm with You""
","681
 1989",,,1,,
"February 11
","""Straight Up""
","682
 1989",,,1,,
"March 4
","""Lost in Your Eyes""
","683
 1989",,,1,,
"March 25
","""The Living Years""
","684
 1989",,,1,,
"April 1
","""Eternal Flame""
","685
 1989",,,1,,
"April 8
","""The Look""
","686
 1989",,,1,,
"April 15
","""She Drives Me Crazy""
","687
 1989",,,1,,
"April 22
","""Like a Prayer""
","688
 1989",,,1,,
"May 13
","""I'll Be There for You""
","689
 1989",,,1,,
"May 20
","""Forever Your Girl""
","690
 1989",,,1,,
"June 3
","""Rock On""
","691
 1989",,,1,,
"June 10
","""Wind Beneath My Wings""
","692
 1989",,,1,,
"June 17
","""I'll Be Loving You (Forever)""
","693
 1989",,,1,,
"June 24
","""Satisfied""
","694
 1989",,,1,,
"July 1
","""Baby Don't Forget My Number""
","695
 1989",,,1,,
"July 8
","""Good Thing""
","696
 1989",,,1,,
"July 15
","""If You Don't Know Me by Now""
","697
 1989",,,1,,
"July 22
","""Toy Soldiers""
","698
 1989",,,1,,
"August 5
","""Batdance""
","699
 1989",,,1,,
"August 12
","""Right Here Waiting""
","700
 1989",,,1,,
"September 2
","""Cold Hearted""
","701
 1989",,,1,,
"September 9
","""Hangin' Tough""
","702
 1989",,,1,,
"September 16
","""Don't Wanna Lose You""
","703
 1989",,,1,,
"September 23
","""Girl I'm Gonna Miss You""
","704
 1989",,,1,,
"October 7
","""Miss You Much""
","705
 1989",,,1,,
"November 4
","""Listen to Your Heart""
","706
 1989",,,1,,
"November 11
","""When I See You Smile""
","707
 1989",,,1,,
"November 25
","""Blame It on the Rain""
","708
 1989",,,1,,
"December 9
","""We Didn't Start the Fire""
","709
 1989",,,1,,
"December 23
","""Another Day in Paradise""
","710
 1989",,,1,,
"January 6
","""Another Day in Paradise""
","710
 1990",,,1,,
"January 20
","""How Am I Supposed to Live Without You""
","711
 1990",,,1,,
"February 10
","""Opposites Attract""
","712
 1990",,,1,,
"March 3
","""Escapade""
","713
 1990",,,1,,
"March 24
","""Black Velvet""
","714
 1990",,,1,,
"April 7
","""Love Will Lead You Back""
","715
 1990",,,1,,
"April 14
","""I'll Be Your Everything""
","716
 1990",,,1,,
"April 21
","""Nothing Compares 2 U""
","717
 1990",,,1,,
"May 19
","""Vogue""
","718
 1990",,,1,,
"June 9
","""Hold On""
","719
 1990",,,1,,
"June 16
","""It Must Have Been Love""
","720
 1990",,,1,,
"June 30
","""Step by Step""
","721
 1990",,,1,,
"July 21
","""She Ain't Worth It""
","722
 1990",,,1,,
"August 4
","""Vision of Love""
","723
 1990",,,1,,
"September 1
","""If Wishes Came True""
","724
 1990",,,1,,
"September 8
","""Blaze of Glory""
","725
 1990",,,1,,
"September 15
","""Release Me""
","726
 1990",,,1,,
"September 29
","""(Can't Live Without Your) Love and Affection""
","727
 1990",,,1,,
"October 6
","""Close to You""
","728
 1990",,,1,,
"October 13
","""Praying for Time""
","729
 1990",,,1,,
"October 20
","""I Don't Have the Heart""
","730
 1990",,,1,,
"October 27
","""Black Cat""
","731
 1990",,,1,,
"November 3
","""Ice Ice Baby""
","732
 1990",,,1,,
"November 10
","""Love Takes Time""
","733
 1990",,,1,,
"December 1
","""I'm Your Baby Tonight""
","734
 1990",,,1,,
"December 8
","""Because I Love You (The Postman Song)""
","735
 1990",,,1,,
"January 5
","""Justify My Love""
","736
 1991",,,1,,
"January 19
","""Love Will Never Do (Without You)""
","737
 1991",,,1,,
"January 26
","""The First Time""
","738
 1991",,,1,,
"February 9
","""Gonna Make You Sweat (Everybody Dance Now)""
","739
 1991",,,1,,
"February 23
","""All the Man That I Need""
","740
 1991",,,1,,
"March 9
","""Someday""
","741
 1991",,,1,,
"March 23
","""One More Try""
","742
 1991",,,1,,
"March 30
","""Coming Out of the Dark""
","743
 1991",,,1,,
"April 13
","""I've Been Thinking About You""
","744
 1991",,,1,,
"April 20
","""You're in Love""
","745
 1991",,,1,,
"April 27
","""Baby Baby""
","746
 1991",,,1,,
"May 11
","""Joyride""
","747
 1991",,,1,,
"May 18
","""I Like the Way (The Kissing Game)""
","748
 1991",,,1,,
"May 25
","""I Don't Wanna Cry""
","749
 1991",,,1,,
"June 8
","""More Than Words""
","750
 1991",,,1,,
"June 15
","""Rush Rush""
","751
 1991",,,1,,
"July 20
","""Unbelievable""
","752
 1991",,,1,,
"July 27
","""(Everything I Do) I Do It for You""
","753
 1991",,,1,,
"September 14
","""The Promise of a New Day""
","754
 1991",,,1,,
"September 21
","""I Adore Mi Amor""
","755
 1991",,,1,,
"October 5
","""Good Vibrations""
","756
 1991",,,1,,
"October 12
","""Emotions""
","757
 1991",,,1,,
"November 2
","""Romantic""
","758
 1991",,,1,,
"November 9
","""Cream""
","759
 1991",,,1,,
"November 23
","""When a Man Loves a Woman""
","760
 1991",,,1,,
"November 30
","""Set Adrift on Memory Bliss""
","761
 1991",,,1,,
"December 7
","""Black or White""
","762
 1991",,,1,,
"January 4
","""Black or White""
","762
 1992",,,1,,
"January 25
","""All 4 Love""
","763
 1992",,,1,,
"February 1
","""Don't Let the Sun Go Down on Me""
","764
 1992",,,1,,
"February 8
","""I'm Too Sexy""
","765
 1992",,,1,,
"February 29
","""To Be with You""
","766
 1992",,,1,,
"March 21
","""Save the Best for Last""
","767
 1992",,,1,,
"April 25
","""Jump""
","768
 1992",,,1,,
"June 20
","""I'll Be There""
","769
 1992",,,1,,
"July 4
","""Baby Got Back""
","770
 1992",,,1,,
"August 8
","""This Used to Be My Playground""
","771
 1992",,,1,,
"August 15
","""End of the Road""
","772
 1992",,,1,,
"November 14
","""How Do You Talk to an Angel""
","773
 1992",,,1,,
"November 28
","""I Will Always Love You""
","774
 1992",,,1,,
"January 2
","""I Will Always Love You""
","774
 1993",,,1,,
"March 6
","""A Whole New World""
","775
 1993",,,1,,
"March 13
","""Informer""
","776
 1993",,,1,,
"May 1
","""Freak Me""
","777
 1993",,,1,,
"May 15
","""That's the Way Love Goes""
","778
 1993",,,1,,
"July 10
","""Weak""
","779
 1993",,,1,,
"July 24
","""Can't Help Falling in Love""
","780
 1993",,,1,,
"September 11
","""Dreamlover""
","781
 1993",,,1,,
"November 6
","""I'd Do Anything for Love (But I Won't Do That)""
","782
 1993",,,1,,
"December 11
","""Again""
","783
 1993",,,1,,
"December 25
","""Hero""
","784
 1993",,,1,,
"January 1
","""Hero""
","784
 1994",,,1,,
"January 22
","""All for Love""
","785
 1994",,,1,,
"February 12
","""The Power of Love""
","786
 1994",,,1,,
"March 12
","""The Sign""
","787
 1994",,,1,,
"April 9
","""Bump n' Grind""
","788
 1994",,,1,,
"May 7
","""The Sign""
","re
 1994",,,1,,
"May 21
","""I Swear""
","789
 1994",,,1,,
"August 6
","""Stay (I Missed You)""
","790
 1994",,,1,,
"August 27
","""I'll Make Love to You""
","791
 1994",,,1,,
"December 3
","""On Bended Knee""
","792
 1994",,,1,,
"December 17
","""Here Comes the Hotstepper""
","793
 1994",,,1,,
"December 31
","""On Bended Knee""
","re
 1994",,,1,,
"January 7
","""On Bended Knee""
","re
 1995",,,1,,
"January 28
","""Creep""
","794
 1995",,,1,,
"February 25
","""Take a Bow""
","795
 1995",,,1,,
"April 15
","""This Is How We Do It""
","796
 1995",,,1,,
"June 3
","""Have You Ever Really Loved a Woman?""
","797
 1995",,,1,,
"July 8
","""Waterfalls""
","798
 1995",,,1,,
"August 26
","""Kiss from a Rose""
","799
 1995",,,1,,
"September 2
","""You Are Not Alone""
","800
 1995",,,1,,
"September 9
","""Gangsta's Paradise""
","801
 1995",,,1,,
"September 30
","""Fantasy""
","802
 1995",,,1,,
"November 25
","""Exhale (Shoop Shoop)""
","803
 1995",,,1,,
"December 2
","""One Sweet Day""
","804
 1995",,,1,,
"January 6
","""One Sweet Day""
","804
 1996",,,1,,
"March 23
","""Because You Loved Me""
","805
 1996",,,1,,
"May 4
","""Always Be My Baby""
","806
 1996",,,1,,
"May 18
","""Tha Crossroads""
","807
 1996",,,1,,
"July 13
","""How Do U Want It"" / ""California Love""
","808
 1996",,,1,,
"July 27
","""You're Makin' Me High"" / ""Let It Flow""
","809
 1996",,,1,,
"August 3
","""Macarena"" (Bayside Boys Mix)
","810
 1996",,,1,,
"November 9
","""No Diggity""
","811
 1996",,,1,,
"December 7
","""Un-Break My Heart""
","812
 1996",,,1,,
"January 4
","""Un-Break My Heart""
","812
 1997",,,1,,
"February 22
","""Wannabe""
","813
 1997",,,1,,
"March 22
","""Can't Nobody Hold Me Down""
","814
 1997",,,1,,
"May 3
","""Hypnotize""
","815
 1997",,,1,,
"May 24
","""MMMBop""
","816
 1997",,,1,,
"June 14
","""I'll Be Missing You""
","817
 1997",,,1,,
"August 30
","""Mo Money Mo Problems""
","818
 1997",,,1,,
"September 13
","""Honey""
","819
 1997",,,1,,
"October 4
","""4 Seasons of Loneliness""
","820
 1997",,,1,,
"October 11
","""Candle in the Wind 1997"" /""Something About the Way You Look Tonight""
","821
 1997",,,1,,
"January 3
","""Something About the Way You Look Tonight"" / ""Candle in the Wind 1997""
","821
 1998",,,1,,
"January 17
","""Truly Madly Deeply""
","822
 1998",,,1,,
"January 31
","""Together Again""
","823
 1998",,,1,,
"February 14
","""Nice & Slow""
","824
 1998",,,1,,
"February 28
","""My Heart Will Go On""
","825
 1998",,,1,,
"March 14
","""Gettin' Jiggy wit It”
","826
 1998",,,1,,
"April 4
","""All My Life""
","827
 1998",,,1,,
"April 25
","""Too Close""
","828
 1998",,,1,,
"May 23
","""My All""
","829
 1998",,,1,,
"May 30
","""Too Close""
","re
 1998",,,1,,
"June 6
","""The Boy Is Mine""
","830
 1998",,,1,,
"September 5
","""I Don't Want to Miss a Thing""
","831
 1998",,,1,,
"October 3
","""The First Night""
","832
 1998",,,1,,
"October 17
","""One Week""
","833
 1998",,,1,,
"October 24
","""The First Night""
","re
 1998",,,1,,
"November 14
","""Doo Wop (That Thing)""
","834
 1998",,,1,,
"November 28
","""Lately""
","835
 1998",,,1,,
"December 5
","""I'm Your Angel""
","836
 1998",,,1,,
"January 2
","""I'm Your Angel""
","836
 1999",,,1,,
"January 16
","""Have You Ever?""
","837
 1999",,,1,,
"January 30
","""...Baby One More Time""
","838
 1999",,,1,,
"February 13
","""Angel of Mine""
","839
 1999",,,1,,
"March 13
","""Believe""
","840
 1999",,,1,,
"April 10
","""No Scrubs""
","841
 1999",,,1,,
"May 8
","""Livin' la Vida Loca""
","842
 1999",,,1,,
"June 12
","""If You Had My Love""
","843
 1999",,,1,,
"July 17
","""Bills, Bills, Bills""
","844
 1999",,,1,,
"July 24
","""Wild Wild West""
","845
 1999",,,1,,
"July 31
","""Genie in a Bottle""
","846
 1999",,,1,,
"September 4
","""Bailamos""
","847
 1999",,,1,,
"September 18
","""Unpretty""
","848
 1999",,,1,,
"October 9
","""Heartbreaker""
","849
 1999",,,1,,
"October 23
","""Smooth""
","850
 1999",,,1,,
"January 1
","""Smooth""
","850
 2000",,,1,,
"January 15
","""What a Girl Wants""
","851
 2000",,,1,,
"January 29
","""I Knew I Loved You""
","852
 2000",,,1,,
"February 19
","""Thank God I Found You""
","853
 2000",,,1,,
"February 26
","""I Knew I Loved You""
","re
 2000",,,1,,
"March 4
","""Amazed""
","854
 2000",,,1,,
"March 18
","""Say My Name""
","855
 2000",,,1,,
"April 8
","""Maria Maria""
","856
 2000",,,1,,
"June 17
","""Try Again""
","857
 2000",,,1,,
"June 24
","""Be with You""
","858
 2000",,,1,,
"July 15
","""Everything You Want""
","859
 2000",,,1,,
"July 22
","""Bent""
","860
 2000",,,1,,
"July 29
","""It's Gonna Be Me""
","861
 2000",,,1,,
"August 12
","""Incomplete""
","862
 2000",,,1,,
"August 26
","""Doesn't Really Matter""
","863
 2000",,,1,,
"September 16
","""Music""
","864
 2000",,,1,,
"October 14
","""Come On Over Baby (All I Want Is You)""
","865
 2000",,,1,,
"November 11
","""With Arms Wide Open""
","866
 2000",,,1,,
"November 18
","""Independent Women Part I""
","867
 2000",,,1,,
"January 6
","""Independent Women Part I""
","867
 2001",,,1,,
"February 3
","""It Wasn't Me""
","868
 2001",,,1,,
"February 17
","""Ms. Jackson""
","869
 2001",,,1,,
"February 24
","""Stutter""
","870
 2001",,,1,,
"March 24
","""Butterfly""
","871
 2001",,,1,,
"March 31
","""Angel""
","872
 2001",,,1,,
"April 7
","""Butterfly""
","re
 2001",,,1,,
"April 14
","""All for You""
","873
 2001",,,1,,
"June 2
","""Lady Marmalade""
","874
 2001",,,1,,
"July 7
","""U Remind Me""
","875
 2001",,,1,,
"August 4
","""Bootylicious""
","876
 2001",,,1,,
"August 18
","""Fallin'""
","877
 2001",,,1,,
"September 8
","""I'm Real (Murder Remix)""
","878
 2001",,,1,,
"September 29
","""Fallin'""
","re
 2001",,,1,,
"October 20
","""I'm Real (Murder Remix)""
","re
 2001",,,1,,
"November 3
","""Family Affair""
","879
 2001",,,1,,
"December 15
","""U Got It Bad""
","880
 2001",,,1,,
"December 22
","""How You Remind Me""
","881
 2001",,,1,,
"January 5
","""How You Remind Me""
","881
 2002",,,1,,
"January 19
","""U Got It Bad""
","re
 2002",,,1,,
"February 23
","""Always on Time""
","882
 2002",,,1,,
"March 9
","""Ain't It Funny""
","883
 2002",,,1,,
"April 20
","""Foolish""
","884
 2002",,,1,,
"June 29
","""Hot in Herre""
","885
 2002",,,1,,
"August 17
","""Dilemma""
","886
 2002",,,1,,
"October 5
","""A Moment Like This""
","887
 2002",,,1,,
"October 19
","""Dilemma""
","re
 2002",,,1,,
"November 9
","""Lose Yourself""
","888
 2002",,,1,,
"January 4
","""Lose Yourself""
","888
 2003",,,1,,
"February 1
","""Bump, Bump, Bump""
","889
 2003",,,1,,
"February 8
","""All I Have""
","890
 2003",,,1,,
"March 8
","""In da Club""
","891
 2003",,,1,,
"May 10
","""Get Busy""
","892
 2003",,,1,,
"May 31
","""21 Questions""
","893
 2003",,,1,,
"June 28
","""This Is the Night""
","894
 2003",,,1,,
"July 12
","""Crazy in Love""
","895
 2003",,,1,,
"September 6
","""Shake Ya Tailfeather""
","896
 2003",,,1,,
"October 4
","""Baby Boy""
","897
 2003",,,1,,
"December 6
","""Stand Up""
","898
 2003",,,1,,
"December 13
","""Hey Ya!""
","899
 2003",,,1,,
"January 3
","""Hey Ya!""
","899
 2004",,,1,,
"February 14
","""The Way You Move""
","900
 2004",,,1,,
"February 21
","""Slow Jamz""
","901
 2004",,,1,,
"February 28
","""Yeah!""
","902
 2004",,,1,,
"May 22
","""Burn""
","903
 2004",,,1,,
"July 10
","""I Believe""
","904
 2004",,,1,,
"July 17
","""Burn""
","re
 2004",,,1,,
"July 24
","""Confessions Part II""
","905
 2004",,,1,,
"August 7
","""Slow Motion""
","906
 2004",,,1,,
"August 21
","""Lean Back""
","907
 2004",,,1,,
"September 11
","""Goodies""
","908
 2004",,,1,,
"October 30
","""My Boo""
","909
 2004",,,1,,
"December 11
","""Drop It Like It's Hot""
","910
 2004",,,1,,
"January 1
","""Let Me Love You""
","911
 2005",,,1,,
"March 5
","""Candy Shop""
","912
 2005",,,1,,
"May 7
","""Hollaback Girl""
","913
 2005",,,1,,
"June 4
","""We Belong Together""
","914
 2005",,,1,,
"July 2
","""Inside Your Heaven""
","915
 2005",,,1,,
"July 9
","""We Belong Together""
","re
 2005",,,1,,
"September 17
","""Gold Digger""
","916
 2005",,,1,,
"November 26
","""Run It!""
","917
 2005",,,1,,
"December 31
","""Don't Forget About Us""
","918
 2005",,,1,,
"January 7
","""Don't Forget About Us""
","918
 2006",,,1,,
"January 14
","""Laffy Taffy""
","919
 2006",,,1,,
"January 21
","""Grillz""
","920
 2006",,,1,,
"February 4
","""Check on It""
","921
 2006",,,1,,
"March 11
","""You're Beautiful""
","922
 2006",,,1,,
"March 18
","""So Sick""
","923
 2006",,,1,,
"April 1
","""Temperature""
","924
 2006",,,1,,
"April 8
","""Bad Day""
","925
 2006",,,1,,
"May 13
","""SOS""
","926
 2006",,,1,,
"June 3
","""Ridin'""
","927
 2006",,,1,,
"June 17
","""Hips Don't Lie""
","928
 2006",,,1,,
"July 1
","""Do I Make You Proud""
","929
 2006",,,1,,
"July 8
","""Promiscuous""
","930
 2006",,,1,,
"August 19
","""London Bridge""
","931
 2006",,,1,,
"September 9
","""SexyBack""
","932
 2006",,,1,,
"October 28
","""Money Maker""
","933
 2006",,,1,,
"November 11
","""My Love""
","934
 2006",,,1,,
"December 2
","""I Wanna Love You""
","935
 2006",,,1,,
"December 16
","""Irreplaceable""
","936
 2006",,,1,,
"January 6
","""Irreplaceable""
","936
 2007",,,1,,
"February 24
","""Say It Right""
","937
 2007",,,1,,
"March 3
","""What Goes Around...Comes Around""
","938
 2007",,,1,,
"March 10
","""This Is Why I'm Hot""
","939
 2007",,,1,,
"March 24
","""Glamorous""
","940
 2007",,,1,,
"April 7
","""Don't Matter""
","941
 2007",,,1,,
"April 21
","""Give It to Me""
","942
 2007",,,1,,
"May 5
","""Girlfriend""
","943
 2007",,,1,,
"May 12
","""Makes Me Wonder""
","944
 2007",,,1,,
"May 26
","""Buy U a Drank (Shawty Snappin')""
","945
 2007",,,1,,
"June 2
","""Makes Me Wonder""
","re
 2007",,,1,,
"June 9
","""Umbrella""
","946
 2007",,,1,,
"July 28
","""Hey There Delilah""
","947
 2007",,,1,,
"August 11
","""Beautiful Girls""
","948
 2007",,,1,,
"September 8
","""Big Girls Don't Cry""
","949
 2007",,,1,,
"September 15
","""Crank That (Soulja Boy)""
","950
 2007",,,1,,
"September 29
","""Stronger""
","951
 2007",,,1,,
"October 6
","""Crank That (Soulja Boy)""
","re
 2007",,,1,,
"November 10
","""Kiss Kiss""
","952
 2007",,,1,,
"December 1
","""No One""
","953
 2007",,,1,,
"January 5
","""Low""
","954
 2008",,,1,,
"March 15
","""Love in This Club""
","955
 2008",,,1,,
"April 5
","""Bleeding Love""
","956
 2008",,,1,,
"April 12
","""Touch My Body""
","957
 2008",,,1,,
"April 26
","""Bleeding Love""
","re
 2008",,,1,,
"May 3
","""Lollipop""
","958
 2008",,,1,,
"May 10
","""Bleeding Love""
","re
 2008",,,1,,
"May 24
","""Take a Bow""
","959
 2008",,,1,,
"May 31
","""Lollipop""
","re
 2008",,,1,,
"June 28
","""Viva la Vida""
","960
 2008",,,1,,
"July 5
","""I Kissed a Girl""
","961
 2008",,,1,,
"August 23
","""Disturbia""
","962
 2008",,,1,,
"September 6
","""Whatever You Like""
","963
 2008",,,1,,
"September 27
","""So What""
","964
 2008",,,1,,
"October 4
","""Whatever You Like""
","re
 2008",,,1,,
"October 18
","""Live Your Life""
","965
 2008",,,1,,
"October 25
","""Womanizer""
","966
 2008",,,1,,
"November 1
","""Whatever You Like""
","re
 2008",,,1,,
"November 15
","""Live Your Life""
","re
 2008",,,1,,
"December 13
","""Single Ladies (Put a Ring on It)""
","967
 2008",,,1,,
"December 20
","""Live Your Life""
","re
 2008",,,1,,
"December 27
","""Single Ladies (Put a Ring on It)""
","re
 2008",,,1,,
"January 3
","""Single Ladies (Put a Ring on It)""
","re
 2009",,,1,,
"January 17
","""Just Dance""
","968
 2009",,,1,,
"February 7
","""My Life Would Suck Without You""
","969
 2009",,,1,,
"February 21
","""Crack a Bottle""
","970
 2009",,,1,,
"February 28
","""Right Round""
","971
 2009",,,1,,
"April 11
","""Poker Face""
","972
 2009",,,1,,
"April 18
","""Boom Boom Pow""
","973
 2009",,,1,,
"July 11
","""I Gotta Feeling""
","974
 2009",,,1,,
"October 17
","""Down""
","975
 2009",,,1,,
"October 24
","""3""
","976
 2009",,,1,,
"October 31
","""Down""
","re
 2009",,,1,,
"November 7
","""Fireflies""
","977
 2009",,,1,,
"November 14
","""Whatcha Say""
","978
 2009",,,1,,
"November 21
","""Fireflies""
","re
 2009",,,1,,
"November 28
","""Empire State of Mind""
","979
 2009",,,1,,
"January 2
","""Tik Tok""
","980
 2010",,,1,,
"March 6
","""Imma Be""
","981
 2010",,,1,,
"March 20
","""Break Your Heart""
","982
 2010",,,1,,
"March 27
","""Rude Boy""
","983
 2010",,,1,,
"May 1
","""Nothin' on You""
","984
 2010",,,1,,
"May 15
","""OMG""
","985
 2010",,,1,,
"May 22
","""Not Afraid""
","986
 2010",,,1,,
"May 29
","""OMG""
","re
 2010",,,1,,
"June 19
","""California Gurls""
","987
 2010",,,1,,
"July 31
","""Love the Way You Lie""
","988
 2010",,,1,,
"September 18
","""Teenage Dream""
","989
 2010",,,1,,
"October 2
","""Just the Way You Are""
","990
 2010",,,1,,
"October 30
","""Like a G6""
","991
 2010",,,1,,
"November 13
","""We R Who We R""
","992
 2010",,,1,,
"November 20
","""What's My Name?""
","993
 2010",,,1,,
"November 27
","""Like a G6""
","re
 2010",,,1,,
"December 4
","""Only Girl (In the World)""
","994
 2010",,,1,,
"December 11
","""Raise Your Glass""
","995
 2010",,,1,,
"December 18
","""Firework""
","996
 2010",,,1,,
"January 1
","""Firework""
","996
 2011",,,1,,
"January 8
","""Grenade""
","997
 2011",,,1,,
"January 15
","""Firework""
","re
 2011",,,1,,
"January 22
","""Grenade""
","re
 2011",,,1,,
"January 29
","""Hold It Against Me""
","998
 2011",,,1,,
"February 5
","""Grenade""
","re
 2011",,,1,,
"February 19
","""Black and Yellow""
","999
 2011",,,1,,
"February 26
","""Born This Way""
","1000
 2011",,,1,,
"April 9
","""E.T.""
","1001
 2011",,,1,,
"April 30
","""S&M""
","1002
 2011",,,1,,
"May 7
","""E.T.""
","re
 2011",,,1,,
"May 21
","""Rolling in the Deep""
","1003
 2011",,,1,,
"July 9
","""Give Me Everything""
","1004
 2011",,,1,,
"July 16
","""Party Rock Anthem""
","1005
 2011",,,1,,
"August 27
","""Last Friday Night (T.G.I.F.)""
","1006
 2011",,,1,,
"September 10
","""Moves Like Jagger""
","1007
 2011",,,1,,
"September 17
","""Someone Like You""
","1008
 2011",,,1,,
"September 24
","""Moves Like Jagger""
","re
 2011",,,1,,
"October 15
","""Someone Like You""
","re
 2011",,,1,,
"November 12
","""We Found Love""
","1009
 2011",,,1,,
"1010
","""Sexy and I Know It""
","January 7
 2012",,,2,,
"re
","""We Found Love""
","January 21
 2012",,,2,,
"1011
","""Set Fire to the Rain""
","February 4
 2012",,,2,,
"1012
","""Stronger (What Doesn't Kill You)""
","February 18
 2012",,,2,,
"1013
","""Part of Me""
","March 3
 2012",,,1,,
"re
","""Stronger (What Doesn't Kill You)""
","March 10
 2012",,,1,,
"1014
","""We Are Young""
","March 17
 2012",,,6,,
"1015
","""Somebody That I Used to Know""
","April 28
 2012",,,8,,
"1016
","""Call Me Maybe""
","June 23
 2012",,,9,,
"1017
","""Whistle""
","August 25
 2012",,,1,,
"1018
","""We Are Never Ever Getting Back Together""
","September 1
 2012",,,2,,
"re
","""Whistle""
","September 15
 2012",,,1,,
"re
","""We Are Never Ever Getting Back Together""
","September 22
 2012",,,1,,
"1019
","""One More Night""
","September 29
 2012",,,9,,
"1020
","""Diamonds""
","December 1
 2012",,,3,,
"1021
","""Locked Out of Heaven""
","December 22
 2012","January 5
 2013",,2,4,
"1022
","""Thrift Shop"" [4]
","February 2
 2013",,,4,,
"1023
","""Harlem Shake""
","March 2
 2013",,,5,,
"re
","""Thrift Shop"" [4]
","April 6
 2013",,,2,,
"1024
","""When I Was Your Man""
","April 20
 2013",,,1,,
"1025
","""Just Give Me a Reason""
","April 27
 2013",,,3,,
"1026
","""Can't Hold Us""
","May 18
 2013",,,5,,
"1027
","""Blurred Lines""
","June 22
 2013",,,12,,
"1028
","""Roar""
","September 14
 2013",,,2,,
"1029
","""Wrecking Ball""
","September 28
 2013",,,2,,
"1030
","""Royals""
","October 12
 2013",,,9,,
"re
","""Wrecking Ball""
","December 14
 2013",,,1,,
"1031
","""The Monster""
","December 21
 2013","January 4
 2014",,2,2,
"1032
","""Timber""
","January 18
 2014",,,3,,
"1033
","""Dark Horse""
","February 8
 2014",,,4,,
"1034
","""Happy"" [1]
","March 8
 2014",,,10,,
"1035
","""All of Me""
","May 17
 2014",,,3,,
"1036
","""Fancy""
","June 7
 2014",,,7,,
"1037
","""Rude""
","July 26
 2014",,,6,,
"1038
","""Shake It Off""
","September 6
 2014",,,2,,
"1039
","""All About That Bass""
","September 20
 2014",,,8,,
"re
","""Shake It Off""
","November 15
 2014",,,2,,
"1040
","""Blank Space""
","November 29
 2014","January 3
 2015",,5,2,
"1041
","""Uptown Funk"" 
","January 17
 2015",,,14,,
"1042
","""See You Again""
","April 25
 2015",,,6,,
"1043
","""Bad Blood""
","June 6
 2015",,,1,,
"re
","""See You Again""
","June 13
 2015",,,6,,
"1044
","""Cheerleader""
","July 25
 2015",,,4,,
"1045
","""Can't Feel My Face""
","August 22
 2015",,,1,,
"re
","""Cheerleader""
","August 29
 2015",,,2,,
"re
","""Can't Feel My Face""
","September 12
 2015","September 26
 2015",,1,1,
"1046
","""What Do You Mean?""
","September 19
 2015",,,1,,
"1047
","""The Hills""
","October 3
 2015",,,6,,
"1048
","""Hello""
","November 14
 2015","January 2
 2016",,7,3,
"1049
","""Sorry""
","January 23
 2016",,,3,,
"1050
","""Love Yourself"" 
","February 13
 2016",,,1,,
"1051
","""Pillowtalk""
","February 20
 2016",,,1,,
"re
","""Love Yourself"" 
","February 27
 2016",,,1,,
"1052
","""Work""
","March 5
 2016",,,9,,
"1053
","""Panda""
","May 7
 2016",,,2,,
"1054
","""One Dance""
","May 21
 2016",,,1,,
"1055
","""Can't Stop the Feeling!""
","May 28
 2016",,,1,,
"re
","""One Dance""
","June 4
 2016",,,9,,
"1056
","""Cheap Thrills""
","August 6
 2016",,,4,,
"1057
","""Closer""
","September 3
 2016",,,12,,
"1058
","""Black Beatles""
","November 26
 2016",,,6,,
"1059
","""Starboy""
","January 7
 2017",,,1,,
"re
","""Black Beatles""
","January 14
 2017",,,1,,
"1060
","""Bad and Boujee""
","January 21
 2017",,,1,,
"1061
","""Shape of You"" 
","January 28
 2017",,,1,,
"re
","""Bad and Boujee""
","February 4
 2017",,,2,,
"re
","""Shape of You"" 
","February 18
 2017",,,11,,
"1062
","""Humble""
","May 6
 2017",,,1,,
"1063
","""That's What I Like""
","May 13
 2017",,,1,,
"1064
","""I'm the One""
","May 20
 2017",,,1,,
"1065
","""Despacito""
","May 27
 2017",,,16,,
"1066
","""Look What You Made Me Do""
","September 16
 2017",,,3,,
"1067
","""Bodak Yellow""
","October 7
 2017",,,3,,
"1068
","""Rockstar""
","October 28
 2017",,,8,,
"1069
","""Perfect""
","December 23
 2017",,,2,,
